{
    "$schema": "https://schema.management.azure.com/schemas/2019-04-01/deploymentTemplate.json#",
    "contentVersion": "1.0.0.0",
    "parameters": {
        "virtualMachines_vm3_name": {
            "defaultValue": "vm3",
            "type": "String"
        },
        "disks_vm3_OsDisk_1_e26a9d9036bd498197f146ffef79a23d_externalid": {
            "defaultValue": "/subscriptions/1d342b09-7474-440d-a4c0-4d42e7768976/resourceGroups/az104-rg6/providers/Microsoft.Compute/disks/vm3_OsDisk_1_e26a9d9036bd498197f146ffef79a23d",
            "type": "String"
        },
        "networkInterfaces_vm3255_externalid": {
            "defaultValue": "/subscriptions/1d342b09-7474-440d-a4c0-4d42e7768976/resourceGroups/az104-rg6/providers/Microsoft.Network/networkInterfaces/vm3255",
            "type": "String"
        }
    },
    "variables": {},
    "resources": [
        {
            "type": "Microsoft.Compute/virtualMachines",
            "apiVersion": "2024-07-01",
            "name": "[parameters('virtualMachines_vm3_name')]",
            "location": "westus3",
            "properties": {
                "hardwareProfile": {
                    "vmSize": "Standard_B1s"
                },
                "additionalCapabilities": {
                    "hibernationEnabled": false
                },
                "storageProfile": {
                    "imageReference": {
                        "publisher": "canonical",
                        "offer": "0001-com-ubuntu-server-focal",
                        "sku": "20_04-lts-gen2",
                        "version": "latest"
                    },
                    "osDisk": {
                        "osType": "Linux",
                        "name": "[concat(parameters('virtualMachines_vm3_name'), '_OsDisk_1_e26a9d9036bd498197f146ffef79a23d')]",
                        "createOption": "FromImage",
                        "caching": "ReadWrite",
                        "managedDisk": {
                            "storageAccountType": "StandardSSD_LRS",
                            "id": "[parameters('disks_vm3_OsDisk_1_e26a9d9036bd498197f146ffef79a23d_externalid')]"
                        },
                        "deleteOption": "Delete",
                        "diskSizeGB": 30
                    },
                    "dataDisks": [],
                    "diskControllerType": "SCSI"
                },
                "osProfile": {
                    "computerName": "[parameters('virtualMachines_vm3_name')]",
                    "adminUsername": "localadmin",
                    "linuxConfiguration": {
                        "disablePasswordAuthentication": false,
                        "provisionVMAgent": true,
                        "patchSettings": {
                            "patchMode": "AutomaticByPlatform",
                            "automaticByPlatformSettings": {
                                "rebootSetting": "IfRequired"
                            },
                            "assessmentMode": "ImageDefault"
                        }
                    },
                    "secrets": [],
                    "allowExtensionOperations": true,
                    "requireGuestProvisionSignal": true
                },
                "securityProfile": {
                    "uefiSettings": {
                        "secureBootEnabled": true,
                        "vTpmEnabled": true
                    },
                    "securityType": "TrustedLaunch"
                },
                "networkProfile": {
                    "networkInterfaces": [
                        {
                            "id": "[parameters('networkInterfaces_vm3255_externalid')]",
                            "properties": {
                                "deleteOption": "Detach"
                            }
                        }
                    ]
                },
                "diagnosticsProfile": {
                    "bootDiagnostics": {
                        "enabled": true
                    }
                }
            }
        }
    ]
}